City_ID,City,Country,Date,Lat,Lng,Max Temp,Humidity,Cloudiness,Wind Speed
0,Rikitea,PF,2021-05-27 20:12:31,-23.1203,-134.9692,71.8,57,63,5.88
1,Constitucion,CL,2021-05-27 20:12:31,-35.3333,-72.4167,58.71,88,100,2.82
2,Ugoofaaru,MV,2021-05-27 20:12:32,5.6667,73.0,82.76,78,100,22.84
3,San Andres,CO,2021-05-27 20:12:32,12.5847,-81.7006,87.82,66,90,16.11
4,Kirkland Lake,CA,2021-05-27 20:12:32,48.1446,-80.0377,48.0,25,22,10.71
5,Montepulciano,IT,2021-05-27 20:12:32,43.1017,11.7868,62.91,75,4,3.24
6,Kaitangata,NZ,2021-05-27 20:12:33,-46.2817,169.8464,48.92,81,100,2.55
7,Zeya,RU,2021-05-27 20:12:33,53.75,127.2667,42.71,86,100,1.3
8,Kostomuksha,RU,2021-05-27 20:12:33,64.571,30.5767,37.69,97,98,2.98
9,Cidreira,BR,2021-05-27 20:12:34,-30.1811,-50.2056,65.91,63,0,4.59
10,Albany,US,2021-05-27 20:08:53,42.6001,-73.9662,74.17,47,9,11.7
11,Nanortalik,GL,2021-05-27 20:12:34,60.1432,-45.2371,44.13,67,5,8.41
12,Chokurdakh,RU,2021-05-27 20:12:35,70.6333,147.9167,35.89,66,3,10.04
13,Nikolskoye,RU,2021-05-27 20:12:35,59.7035,30.7861,52.39,99,100,4.65
14,Port Alfred,ZA,2021-05-27 20:12:35,-33.5906,26.891,62.89,80,99,13.67
15,Lagoa,PT,2021-05-27 20:12:36,39.05,-27.9833,58.93,63,98,9.1
16,Nedjo,ET,2021-05-27 20:12:36,9.5046,35.5019,60.76,89,39,2.77
17,Cape Town,ZA,2021-05-27 20:12:04,-33.9258,18.4232,61.88,73,99,7.0
18,Den Helder,NL,2021-05-27 20:12:36,52.9599,4.7593,51.98,88,90,8.05
19,Broome,US,2021-05-27 20:12:37,42.2506,-75.833,68.47,58,1,3.0
20,Tsabong,BW,2021-05-27 20:12:37,-26.0217,22.401,64.09,25,63,6.93
21,Agadez,NE,2021-05-27 20:12:37,19.75,10.25,90.28,8,0,11.77
22,Hervey Bay,AU,2021-05-27 20:12:37,-25.2986,152.8535,54.01,65,0,4.0
23,Jamestown,US,2021-05-27 20:12:38,42.097,-79.2353,70.92,54,1,3.0
24,Mawlaik,MM,2021-05-27 20:12:38,23.6333,94.4167,78.22,82,49,1.12
25,Vila Velha,BR,2021-05-27 20:12:38,-20.3297,-40.2925,76.95,85,20,6.91
26,Kahului,US,2021-05-27 20:11:47,20.8947,-156.47,84.22,68,40,18.41
27,Muros,ES,2021-05-27 20:12:39,42.7762,-9.0603,68.5,78,98,9.33
28,Mantua,IT,2021-05-27 20:12:39,45.1667,10.7833,67.24,66,0,11.99
29,Saint-Pierre,RE,2021-05-27 20:12:39,-21.3393,55.4781,71.29,83,40,5.75
30,New Norfolk,AU,2021-05-27 20:12:40,-42.7826,147.0587,43.66,78,71,1.01
31,Jardim,BR,2021-05-27 20:10:18,-21.4803,-56.1381,88.09,39,100,5.84
32,Callaway,US,2021-05-27 20:12:40,30.153,-85.5699,87.91,66,1,7.0
33,Clyde River,CA,2021-05-27 20:12:41,70.4692,-68.5914,28.63,86,75,26.46
34,Talara,PE,2021-05-27 20:12:41,-4.5772,-81.2719,75.96,69,40,14.97
35,Awbari,LY,2021-05-27 20:12:41,26.5921,12.7805,92.28,10,10,12.15
36,Cartagena,CO,2021-05-27 20:11:18,10.3997,-75.5144,85.62,74,40,13.8
37,Yellowknife,CA,2021-05-27 20:12:42,62.456,-114.3525,58.32,46,12,1.99
38,Ushuaia,AR,2021-05-27 20:12:42,-54.8,-68.3,29.86,93,40,20.71
39,Kavaratti,IN,2021-05-27 20:12:42,10.5669,72.642,83.05,77,16,16.11
40,Mataura,NZ,2021-05-27 20:12:42,-46.1927,168.8643,43.65,99,100,1.7
41,Busselton,AU,2021-05-27 20:12:43,-33.65,115.3333,55.04,80,0,8.93
42,Turukhansk,RU,2021-05-27 20:12:43,65.8167,87.9833,36.61,97,100,11.25
43,Constantine,DZ,2021-05-27 20:12:43,36.365,6.6147,67.41,68,75,5.75
44,Hualmay,PE,2021-05-27 20:12:44,-11.0964,-77.6139,70.18,80,20,9.48
45,Bredasdorp,ZA,2021-05-27 20:12:44,-34.5322,20.0403,62.28,71,96,6.64
46,Punta Arenas,CL,2021-05-27 20:08:03,-53.15,-70.9167,35.71,51,75,14.97
47,Votkinsk,RU,2021-05-27 20:12:44,57.0486,53.9872,51.78,76,2,3.44
48,Hobart,AU,2021-05-27 20:09:18,-42.8794,147.3294,44.02,82,75,1.99
49,Avarua,CK,2021-05-27 20:10:16,-21.2078,-159.775,82.45,83,75,13.8
50,Fortuna,US,2021-05-27 20:12:45,40.5982,-124.1573,71.47,61,75,5.99
51,Ocampo,MX,2021-05-27 20:12:45,21.65,-101.5,81.28,19,7,10.09
52,Hilo,US,2021-05-27 20:12:45,19.7297,-155.09,81.81,66,20,9.22
53,Tilichiki,RU,2021-05-27 20:12:46,60.4667,166.1,33.08,97,100,3.44
54,Butaritari,KI,2021-05-27 20:12:46,3.0707,172.7902,83.44,79,88,20.45
55,Riyadh,SA,2021-05-27 20:12:46,24.6877,46.7219,95.05,8,0,4.61
56,Ribeira Grande,PT,2021-05-27 20:12:47,38.5167,-28.7,64.8,55,20,9.22
57,Manokwari,ID,2021-05-27 20:12:47,-0.8667,134.0833,78.48,76,38,3.18
58,Carnarvon,AU,2021-05-27 20:12:47,-24.8667,113.6333,64.47,82,82,4.61
59,Puerto Ayora,EC,2021-05-27 20:12:48,-0.7393,-90.3518,82.36,89,54,8.01
60,Bethel,US,2021-05-27 20:12:48,41.3712,-73.414,82.08,43,1,3.0
61,Klaksvik,FO,2021-05-27 20:12:48,62.2266,-6.589,45.52,85,86,15.12
62,Duvan,RU,2021-05-27 20:12:49,55.695,57.9024,48.11,75,0,4.29
63,Brookhaven,US,2021-05-27 20:07:58,31.5791,-90.4407,90.55,48,23,1.79
64,Kapaa,US,2021-05-27 20:12:49,22.0752,-159.319,81.12,75,75,5.01
65,Almeirim,BR,2021-05-27 20:11:07,-1.5233,-52.5817,84.49,75,59,4.81
66,Taoudenni,ML,2021-05-27 20:12:50,22.6783,-3.9836,103.28,13,67,10.49
67,Florianopolis,BR,2021-05-27 20:12:50,-27.6146,-48.5012,71.4,67,0,9.22
68,Cherskiy,RU,2021-05-27 20:12:50,68.75,161.3,54.95,25,87,12.21
69,Arraial Do Cabo,BR,2021-05-27 20:12:50,-22.9661,-42.0278,73.26,83,0,5.75
70,Sao Filipe,CV,2021-05-27 20:12:51,14.8961,-24.4956,73.04,79,1,9.53
71,Sibolga,ID,2021-05-27 20:12:51,1.7427,98.7792,77.16,89,94,2.46
72,Pevek,RU,2021-05-27 20:12:15,69.7008,170.3133,37.58,68,69,2.01
73,Salalah,OM,2021-05-27 20:12:52,17.0151,54.0924,82.49,89,0,2.3
74,Qaanaaq,GL,2021-05-27 20:12:52,77.484,-69.3632,37.11,81,100,5.14
75,Cabo San Lucas,MX,2021-05-27 20:10:20,22.8909,-109.9124,100.51,33,40,10.36
76,Makat,KZ,2021-05-27 20:12:52,47.6469,53.3463,80.2,39,100,12.75
77,Khani,GE,2021-05-27 20:12:53,41.9563,42.9566,56.77,79,7,4.5
78,Chapais,CA,2021-05-27 20:12:53,49.7834,-74.8492,37.18,45,100,15.9
79,Muriwai Beach,NZ,2021-05-27 20:12:53,-36.8167,174.45,51.35,75,99,6.31
80,Castro,BR,2021-05-27 20:12:54,-24.7911,-50.0119,67.89,71,46,3.71
81,Jalu,LY,2021-05-27 20:12:54,29.0331,21.5482,86.23,15,29,11.23
82,Ilulissat,GL,2021-05-27 20:10:27,69.2167,-51.1,57.22,28,47,21.85
83,Acapulco,MX,2021-05-27 20:10:58,16.8634,-99.8901,87.62,62,75,9.66
84,Mana,GF,2021-05-27 20:12:54,5.6592,-53.7767,75.18,93,100,6.04
85,Bardiyah,LY,2021-05-27 20:12:55,31.7561,25.0865,69.93,71,0,12.24
86,Thompson,CA,2021-05-27 20:11:50,55.7435,-97.8558,57.9,19,100,8.59
87,Chegdomyn,RU,2021-05-27 20:12:55,51.1167,133.0167,44.46,94,100,2.57
88,Tecoanapa,MX,2021-05-27 20:12:55,16.5167,-98.75,88.45,50,100,10.78
89,Bonavista,CA,2021-05-27 20:12:56,48.6499,-53.1147,48.79,99,100,18.41
90,Dudinka,RU,2021-05-27 20:12:56,69.4058,86.1778,14.54,95,20,8.55
91,Aljustrel,PT,2021-05-27 20:12:56,37.8776,-8.1652,63.12,47,100,8.1
92,Tasiilaq,GL,2021-05-27 20:12:57,65.6145,-37.6368,42.96,88,100,9.26
93,Khatanga,RU,2021-05-27 20:12:57,71.9667,102.5,23.32,91,100,6.33
94,Barrow,US,2021-05-27 20:12:57,71.2906,-156.7887,32.02,80,90,16.11
95,Souillac,MU,2021-05-27 20:12:57,-20.5167,57.5167,72.36,86,92,7.43
96,Kavieng,PG,2021-05-27 20:12:58,-2.5744,150.7967,81.61,82,100,14.5
97,Ancud,CL,2021-05-27 20:12:58,-41.8697,-73.8203,51.22,80,100,28.25
98,Touros,BR,2021-05-27 20:11:18,-5.1989,-35.4608,81.5,78,6,16.17
99,Bluff,NZ,2021-05-27 20:12:58,-46.6,168.3333,46.44,87,100,8.01
100,Paka,MY,2021-05-27 20:12:59,4.6374,103.4368,77.31,88,100,2.82
101,San Patricio,US,2021-05-27 20:10:15,28.017,-97.5169,90.32,63,35,17.49
102,Puerto Escondido,MX,2021-05-27 20:12:59,15.85,-97.0667,88.63,66,75,8.05
103,Okakarara,NA,2021-05-27 20:12:59,-20.5833,17.4333,57.65,39,1,6.08
104,Bani Walid,LY,2021-05-27 20:13:00,31.7566,13.9942,78.87,32,76,11.45
105,Sierra Vista,US,2021-05-27 20:09:15,31.5545,-110.3037,90.81,7,1,14.97
106,Baker City,US,2021-05-27 20:12:17,44.7749,-117.8344,74.91,38,20,19.57
107,Katsuura,JP,2021-05-27 20:11:43,35.1333,140.3,62.71,87,100,9.98
108,Doha,QA,2021-05-27 20:08:31,25.2867,51.5333,94.98,21,0,12.66
109,Axim,GH,2021-05-27 20:13:01,4.8699,-2.2405,81.18,82,71,8.84
110,Liverpool,GB,2021-05-27 20:10:38,53.4106,-2.9779,60.75,69,0,3.0
111,East London,ZA,2021-05-27 20:13:01,-33.0153,27.9116,65.77,71,48,13.85
112,Santa Flavia,IT,2021-05-27 20:13:01,38.085,13.5351,69.26,75,9,3.69
113,Ponta Do Sol,PT,2021-05-27 20:13:02,32.6667,-17.1,69.01,74,81,3.4
114,Tourlaville,FR,2021-05-27 20:13:02,49.6383,-1.5664,57.65,59,0,5.75
115,Vaini,TO,2021-05-27 20:13:03,-21.2,-175.2,75.36,73,20,8.05
116,Vestmannaeyjar,IS,2021-05-27 20:13:03,63.4427,-20.2734,45.86,75,38,29.21
117,Port-Gentil,GA,2021-05-27 20:13:03,-0.7193,8.7815,78.85,84,100,14.41
118,Baykit,RU,2021-05-27 20:13:03,61.67,96.37,43.72,54,100,7.7
119,Kununurra,AU,2021-05-27 20:13:04,-15.7667,128.7333,73.38,33,7,9.22
120,Asau,RO,2021-05-27 20:13:04,46.4333,26.4,61.39,100,100,3.71
121,Fereydun Kenar,IR,2021-05-27 20:10:08,36.6864,52.5225,68.23,79,0,9.24
122,Lebu,CL,2021-05-27 20:10:27,-37.6167,-73.65,56.32,82,1,10.04
123,Hasaki,JP,2021-05-27 20:09:01,35.7333,140.8333,59.29,83,100,2.15
124,Hutchinson,US,2021-05-27 20:09:10,38.0608,-97.9298,76.03,72,41,3.0
125,Hofn,IS,2021-05-27 20:13:05,64.2539,-15.2082,43.27,73,99,10.22
126,Alice Springs,AU,2021-05-27 20:13:05,-23.7,133.8833,33.35,75,90,6.6
127,Vestmanna,FO,2021-05-27 20:13:06,62.1564,-7.1664,43.72,81,81,13.29
128,Mwinilunga,ZM,2021-05-27 20:13:06,-11.7358,24.4293,55.47,52,0,4.52
129,Olinda,BR,2021-05-27 20:13:06,-8.0089,-34.8553,73.13,88,75,13.71
130,Talnakh,RU,2021-05-27 20:13:07,69.4865,88.3972,12.78,85,18,2.77
131,Bay Roberts,CA,2021-05-27 20:13:07,47.5999,-53.2648,57.51,93,100,11.99
132,Hithadhoo,MV,2021-05-27 20:13:07,-0.6,73.0833,82.63,78,100,18.39
133,Camacha,PT,2021-05-27 20:13:08,33.0833,-16.3333,65.53,68,40,13.8
134,Norman Wells,CA,2021-05-27 20:13:08,65.282,-126.8329,43.59,75,100,1.97
135,Dunhua,CN,2021-05-27 20:13:08,43.3725,128.2425,43.59,87,100,2.66
136,Atherton,GB,2021-05-27 20:13:08,53.5237,-2.4935,60.35,69,100,4.0
137,Syriam,MM,2021-05-27 20:13:09,16.7722,96.2378,78.91,94,40,3.36
138,Lieksa,FI,2021-05-27 20:13:09,63.3167,30.0167,44.28,91,13,0.96
139,Horki,BY,2021-05-27 20:13:09,54.2861,30.9842,55.45,80,97,5.23
140,Kilindoni,TZ,2021-05-27 20:13:10,-7.9139,39.6668,79.57,68,5,15.77
141,Yingkou,CN,2021-05-27 20:13:10,40.6648,122.2283,55.65,88,100,5.12
142,Iqaluit,CA,2021-05-27 20:13:10,63.7506,-68.5145,32.7,69,90,15.01
143,Angoche,MZ,2021-05-27 20:13:11,-16.2325,39.9086,71.29,82,72,7.63
144,Lavrentiya,RU,2021-05-27 20:13:11,65.5833,-171.0,33.39,93,7,8.48
145,General Roca,AR,2021-05-27 20:08:17,-39.0333,-67.5833,64.8,34,96,29.84
146,Zhigansk,RU,2021-05-27 20:13:12,66.7697,123.3711,46.33,71,12,17.58
147,Sitka,US,2021-05-27 20:13:12,57.0531,-135.33,48.09,71,90,6.91
148,Hermanus,ZA,2021-05-27 20:13:12,-34.4187,19.2345,62.8,72,77,12.71
149,Beringovskiy,RU,2021-05-27 20:13:12,63.05,179.3167,32.92,97,100,4.85
150,Mount Gambier,AU,2021-05-27 20:13:13,-37.8333,140.7667,51.64,79,94,7.72
151,Vanimo,PG,2021-05-27 20:13:13,-2.6741,141.3028,78.08,86,96,3.87
152,Grand Gaube,MU,2021-05-27 20:13:13,-20.0064,57.6608,72.37,79,5,5.01
153,Saldanha,ZA,2021-05-27 20:13:14,-33.0117,17.9442,57.76,89,87,10.36
154,Saedinenie,BG,2021-05-27 20:13:14,42.2667,24.55,65.95,88,90,1.28
155,Namibe,AO,2021-05-27 20:13:14,-15.1961,12.1522,72.97,76,0,2.68
156,Tabas,IR,2021-05-27 20:13:15,33.5959,56.9244,84.02,22,20,4.43
157,Half Moon Bay,US,2021-05-27 20:13:15,37.4636,-122.4286,80.49,61,1,9.4
158,Nkayi,CG,2021-05-27 20:13:15,-4.1841,13.2884,78.67,68,95,1.95
159,Provideniya,RU,2021-05-27 20:10:29,64.3833,-173.3,41.11,60,0,20.13
160,Hay River,CA,2021-05-27 20:13:16,60.8156,-115.7999,55.45,47,40,4.94
161,Inuvik,CA,2021-05-27 20:13:03,68.3499,-133.7218,34.72,58,100,10.18
162,Sanandaj,IR,2021-05-27 20:13:16,35.3144,46.9923,65.55,27,0,2.21
163,Mar Del Plata,AR,2021-05-27 20:13:16,-38.0023,-57.5575,69.01,60,0,11.99
164,Palmer,US,2021-05-27 20:13:17,42.1584,-72.3287,80.55,43,75,1.01
165,Arman,RU,2021-05-27 20:13:17,59.7,150.1667,42.75,87,100,2.91
166,Abaete,BR,2021-05-27 20:11:09,-19.16,-45.4458,80.94,42,82,3.89
167,Port Elizabeth,ZA,2021-05-27 20:13:17,-33.918,25.5701,58.1,72,97,11.9
168,Tuatapere,NZ,2021-05-27 20:13:18,-46.1333,167.6833,43.72,93,100,2.28
169,Yerbogachen,RU,2021-05-27 20:13:18,61.2767,108.0108,48.16,72,98,0.49
170,Atuona,PF,2021-05-27 20:13:18,-9.8,-139.0333,79.14,73,15,14.61
171,Pangai,TO,2021-05-27 20:13:19,-19.8,-174.35,76.51,68,9,8.14
172,Garbolovo,RU,2021-05-27 20:13:19,60.3413,30.4955,51.69,99,100,7.54
173,Stokmarknes,NO,2021-05-27 20:13:20,68.5646,14.9108,46.49,84,99,5.7
174,Yabelo,ET,2021-05-27 20:13:20,4.8833,38.0833,61.3,71,100,5.79
175,Mitsamiouli,KM,2021-05-27 20:13:20,-11.3847,43.2844,77.61,59,1,6.29
176,Ca Mau,VN,2021-05-27 20:13:21,9.1769,105.15,76.15,92,93,4.09
177,Umm Kaddadah,SD,2021-05-27 20:13:21,13.6017,26.6876,89.22,11,100,9.78
178,Marsh Harbour,BS,2021-05-27 20:13:21,26.5412,-77.0636,77.94,70,100,8.72
179,Ostrovnoy,RU,2021-05-27 20:13:21,68.0531,39.5131,42.42,51,100,19.95
180,Tiksi,RU,2021-05-27 20:13:22,71.6872,128.8694,34.23,94,100,5.53
181,Yulara,AU,2021-05-27 20:13:22,-25.2406,130.9889,42.64,70,100,6.91
182,Saint-Joseph,RE,2021-05-27 20:13:22,-21.3667,55.6167,70.21,79,52,4.94
183,Porto Novo,BJ,2021-05-27 20:13:23,6.4965,2.6036,81.68,80,90,8.5
184,Chekmagush,RU,2021-05-27 20:13:23,55.1319,54.6556,50.92,79,0,4.16
185,Codrington,AU,2021-05-27 20:13:23,-38.2667,141.9667,51.91,70,100,13.06
186,Ulcinj,ME,2021-05-27 20:13:24,41.9294,19.2244,66.42,75,3,0.72
187,Saskylakh,RU,2021-05-27 20:13:24,71.9167,114.0833,28.6,85,100,5.3
188,Srandakan,ID,2021-05-27 20:12:20,-7.9386,110.2506,76.5,90,24,4.63
189,Galle,LK,2021-05-27 20:10:09,6.0367,80.217,80.44,84,99,17.02
190,Fare,PF,2021-05-27 20:13:25,-16.7,-151.0167,80.33,68,33,9.15
191,Zheleznodorozhnyy,RU,2021-05-27 20:13:25,55.7503,38.0042,61.32,94,63,1.66
192,Luderitz,NA,2021-05-27 20:13:25,-26.6481,15.1594,59.32,72,8,8.19
193,Lucea,JM,2021-05-27 20:13:26,18.451,-78.1736,87.85,76,17,14.85
194,Upernavik,GL,2021-05-27 20:10:27,72.7868,-56.1549,35.42,97,62,4.76
195,Nalut,LY,2021-05-27 20:13:26,30.3333,10.85,89.4,15,58,12.26
196,Sawakin,SD,2021-05-27 20:13:26,19.1059,37.3321,88.92,44,0,4.0
197,Chuy,UY,2021-05-27 20:12:54,-33.6971,-53.4616,63.48,67,0,5.82
198,Coquimbo,CL,2021-05-27 20:13:27,-29.9533,-71.3436,56.93,82,0,4.34
199,Tautira,PF,2021-05-27 20:13:27,-17.7333,-149.15,84.22,72,0,7.25
200,Severo-Kurilsk,RU,2021-05-27 20:13:27,50.6789,156.125,38.98,88,91,9.44
201,Pedernales,DO,2021-05-27 20:13:28,18.0384,-71.744,85.05,67,28,3.27
202,Abnub,EG,2021-05-27 20:13:28,27.2696,31.1511,87.94,16,0,10.92
203,Starkville,US,2021-05-27 20:13:28,33.4504,-88.8184,90.79,54,68,2.33
204,Belousovka,KZ,2021-05-27 20:13:29,50.1339,82.5239,60.35,90,97,7.78
205,Dohar,BD,2021-05-27 20:13:29,23.5883,90.1469,85.98,88,98,11.74
206,Vrangel,RU,2021-05-27 20:13:29,42.7297,133.0839,48.7,96,88,3.31
207,Yuba City,US,2021-05-27 20:13:30,39.1405,-121.6169,87.69,30,1,6.91
208,Oranjestad,AW,2021-05-27 20:09:21,12.524,-70.027,85.95,72,40,7.0
209,Lompoc,US,2021-05-27 20:12:16,34.6391,-120.4579,78.01,68,1,17.27
210,Thinadhoo,MV,2021-05-27 20:13:30,0.5333,72.9333,84.56,71,85,20.45
211,Okato,NZ,2021-05-27 20:13:31,-39.2,173.8833,47.68,81,96,13.24
212,The Valley,AI,2021-05-27 20:13:31,18.217,-63.0578,83.1,74,40,11.5
213,Marawi,PH,2021-05-27 20:13:31,7.9986,124.2928,70.65,91,22,2.8
214,Husavik,IS,2021-05-27 20:13:32,66.0449,-17.3389,55.96,38,53,16.13
215,Cayenne,GF,2021-05-27 20:12:06,4.9333,-52.3333,78.84,88,75,3.0
216,Bambous Virieux,MU,2021-05-27 20:13:32,-20.3428,57.7575,72.21,87,46,8.61
217,Boende,CD,2021-05-27 20:13:32,-0.2167,20.8667,76.5,71,91,3.53
218,Eureka,US,2021-05-27 20:13:33,40.8021,-124.1637,65.19,78,100,5.01
219,Tevriz,RU,2021-05-27 20:13:33,57.509,72.4042,46.49,63,95,5.12
220,Svetlogorsk,BY,2021-05-27 20:13:33,52.6333,29.7333,58.28,87,100,2.66
221,Shu,KZ,2021-05-27 20:13:34,43.5983,73.7614,63.16,73,98,9.95
222,Batemans Bay,AU,2021-05-27 20:13:34,-35.7167,150.1833,53.91,71,20,8.08
223,Kruisfontein,ZA,2021-05-27 20:13:00,-34.0033,24.7314,55.89,79,100,6.8
224,Lobito,AO,2021-05-27 20:13:34,-12.3481,13.5456,76.86,76,0,4.61
225,Tocopilla,CL,2021-05-27 20:13:35,-22.092,-70.1979,70.25,65,90,4.23
226,Pisco,PE,2021-05-27 20:09:07,-13.7,-76.2167,64.45,94,90,5.75
227,San Policarpo,PH,2021-05-27 20:13:35,12.1791,125.5072,81.97,83,29,9.8
228,Uchiza,PE,2021-05-27 20:13:35,-8.4592,-76.4633,86.22,51,3,2.26
229,Labuhan,ID,2021-05-27 20:13:36,-6.8844,112.2051,78.15,86,16,7.74
230,Rocha,UY,2021-05-27 20:13:27,-34.4833,-54.3333,62.4,73,2,6.76
231,Las Cruces,US,2021-05-27 20:13:36,32.3123,-106.7783,93.06,9,1,5.99
232,Mareeba,AU,2021-05-27 20:13:36,-17.0,145.4333,65.12,93,53,1.57
233,Bereda,ES,2021-05-27 20:13:37,43.2686,-7.5406,61.14,66,100,3.13
234,Quesnel,CA,2021-05-27 20:13:37,52.9999,-122.5029,64.9,43,100,8.55
235,Gimli,CA,2021-05-27 20:13:37,50.6336,-96.9907,57.43,38,0,3.96
236,Lorengau,PG,2021-05-27 20:13:38,-2.0226,147.2712,78.66,85,100,5.23
237,Camabatela,AO,2021-05-27 20:13:38,-8.1881,15.375,62.06,56,85,3.42
238,Mandalgovi,MN,2021-05-27 20:13:38,45.7625,106.2708,48.34,37,100,16.71
239,Dikson,RU,2021-05-27 20:13:39,73.5069,80.5464,16.3,99,83,7.27
240,Aklavik,CA,2021-05-27 20:13:39,68.2191,-135.0107,33.46,63,100,11.68
241,Talcahuano,CL,2021-05-27 20:13:39,-36.7167,-73.1167,58.68,94,90,11.5
242,Birao,CF,2021-05-27 20:13:40,10.2849,22.7882,80.42,58,61,6.44
243,Kargopol,RU,2021-05-27 20:13:40,61.5071,38.9456,46.83,80,52,3.47
244,Mahebourg,MU,2021-05-27 20:13:40,-20.4081,57.7,72.25,87,53,8.25
245,Am Timan,TD,2021-05-27 20:13:41,11.0297,20.2827,87.28,42,44,6.44
246,Sola,VU,2021-05-27 20:13:41,-13.8833,167.55,77.22,62,86,9.93
247,Launceston,AU,2021-05-27 20:13:41,-41.45,147.1667,42.15,77,7,5.01
248,Kandrian,PG,2021-05-27 20:13:42,-6.2167,149.55,77.59,87,99,10.6
249,Caramoan,PH,2021-05-27 20:13:42,13.7707,123.8631,80.01,85,100,1.52
250,Nichinan,JP,2021-05-27 20:13:42,31.6,131.3667,64.76,90,100,6.64
251,Tres Pontas,BR,2021-05-27 20:13:43,-21.3667,-45.5125,73.51,59,72,4.52
252,Duekoue,CI,2021-05-27 20:13:43,6.7472,-7.3496,78.12,80,100,3.09
253,Fatehgarh,IN,2021-05-27 20:13:43,27.3667,79.6333,83.62,62,50,10.42
254,Ereymentau,KZ,2021-05-27 20:13:44,51.6199,73.1033,50.25,67,0,6.13
255,Okhotsk,RU,2021-05-27 20:13:44,59.3833,143.3,39.25,78,100,3.38
256,Tabuk,PH,2021-05-27 20:13:44,17.4189,121.4443,77.05,83,74,1.41
257,Tuktoyaktuk,CA,2021-05-27 20:13:45,69.4541,-133.0374,30.76,73,100,10.8
258,Barmer,IN,2021-05-27 20:13:45,25.75,71.3833,87.44,54,61,19.28
259,Jiayuguan,CN,2021-05-27 20:13:45,39.8167,98.3,68.31,18,97,10.18
260,Tomatlan,MX,2021-05-27 20:13:46,19.9333,-105.25,93.02,39,94,11.34
261,Esperance,AU,2021-05-27 20:10:31,-33.8667,121.9,57.69,49,13,16.44
262,Alenquer,BR,2021-05-27 20:13:46,-1.9417,-54.7383,89.94,59,73,0.29
263,Kerema,PG,2021-05-27 20:13:47,-7.9631,145.7785,75.85,88,100,3.44
264,Ubinskoye,RU,2021-05-27 20:13:47,55.3068,79.6802,46.42,52,100,16.35
265,Moron,AR,2021-05-27 20:09:10,-34.6534,-58.6198,71.49,56,21,6.6
266,Bulgan,MN,2021-05-27 20:13:47,48.8125,103.5347,49.87,59,19,4.74
267,Blackfoot,US,2021-05-27 20:09:18,43.1905,-112.345,73.18,28,77,9.06
268,Comodoro Rivadavia,AR,2021-05-27 20:13:48,-45.8667,-67.5,55.0,46,89,19.84
269,Chingirlau,KZ,2021-05-27 20:13:48,51.095,54.0814,65.3,55,68,10.87
270,Airai,TL,2021-05-27 20:13:48,-8.9266,125.4092,54.86,88,76,4.18
271,Barao De Melgaco,BR,2021-05-27 20:13:49,-16.1944,-55.9675,93.72,29,57,4.34
272,College,US,2021-05-27 20:13:49,64.8569,-147.8028,57.52,47,75,9.22
273,Adrar,MR,2021-05-27 20:08:56,20.5022,-10.0711,98.42,13,59,6.51
274,Zabkowice Slaskie,PL,2021-05-27 20:13:49,50.5897,16.8124,53.44,85,81,4.21
275,Pratapgarh,IN,2021-05-27 20:13:50,24.0333,74.7833,84.0,61,14,18.48
276,Kaputa,ZM,2021-05-27 20:13:50,-8.4689,29.6619,66.96,67,4,3.6
277,Pangnirtung,CA,2021-05-27 20:13:50,66.1451,-65.7125,33.55,92,65,2.04
278,Billere,FR,2021-05-27 20:13:51,43.3,-0.4,72.14,56,0,4.61
279,Cururupu,BR,2021-05-27 20:13:51,-1.8283,-44.8683,83.35,68,26,5.17
280,Georgetown,MY,2021-05-27 20:09:09,5.4112,100.3354,79.9,86,20,3.96
281,San Ignacio,BZ,2021-05-27 20:13:51,17.1561,-89.0714,91.54,49,75,10.11
282,Portmore,JM,2021-05-27 20:10:30,17.9702,-76.8672,85.01,81,38,9.37
283,Omboue,GA,2021-05-27 20:13:52,-1.5746,9.2618,76.53,90,86,6.89
284,Klyuchi,RU,2021-05-27 20:13:52,52.2667,79.1667,53.46,58,0,14.41
285,Corn Island,NI,2021-05-27 20:13:52,12.1694,-83.0418,82.26,81,100,18.07
286,Roma,US,2021-05-27 20:13:53,43.2128,-75.4557,66.38,53,20,4.0
287,Zhangye,CN,2021-05-27 20:13:53,38.9342,100.4517,65.21,24,79,6.17
288,Narsaq,GL,2021-05-27 20:13:53,60.9167,-46.05,55.62,48,9,6.24
289,Caxito,AO,2021-05-27 20:13:54,-8.5785,13.6643,70.75,96,81,1.43
290,Waingapu,ID,2021-05-27 20:13:54,-9.6567,120.2641,78.1,83,17,18.19
291,Valle De Allende,MX,2021-05-27 20:13:54,26.9333,-105.4,92.71,13,82,6.51
292,Bengkulu,ID,2021-05-27 20:13:55,-3.8004,102.2655,77.31,89,100,4.76
293,Kodiak,US,2021-05-27 20:13:55,57.79,-152.4072,47.71,76,1,9.22
294,Alta Floresta,BR,2021-05-27 20:13:55,-9.8756,-56.0861,85.23,64,8,3.87
295,Manyana,BW,2021-05-27 20:13:56,-23.4,21.7167,57.83,29,1,4.61
296,Lincoln,US,2021-05-27 20:13:56,40.8,-96.667,71.65,78,90,5.01
297,Poya,NC,2021-05-27 20:13:56,-21.35,165.15,66.63,85,38,2.17
298,Barra Patuca,HN,2021-05-27 20:13:57,15.8,-84.2833,82.85,74,89,9.6
299,Alyangula,AU,2021-05-27 20:13:57,-13.8483,136.4192,76.71,62,58,15.23
300,Hambantota,LK,2021-05-27 20:13:57,6.1241,81.1185,80.42,81,99,23.02
301,Coxim,BR,2021-05-27 20:13:58,-18.5067,-54.76,90.19,45,44,3.02
302,Suez,EG,2021-05-27 20:13:58,29.9737,32.5263,74.66,51,0,10.4
303,Kiama,AU,2021-05-27 20:10:57,-34.6833,150.8667,53.38,71,16,5.99
304,Guerrero Negro,MX,2021-05-27 20:13:58,27.9769,-114.0611,69.24,56,0,20.87
305,Odienne,CI,2021-05-27 20:13:59,9.51,-7.5692,82.2,56,98,7.16
306,Ahipara,NZ,2021-05-27 20:13:59,-35.1667,173.1667,57.79,90,91,8.34
307,Yar-Sale,RU,2021-05-27 20:13:59,66.8333,70.8333,35.13,66,92,5.28
308,Brigantine,US,2021-05-27 20:14:00,39.4101,-74.3646,85.26,60,40,3.06
309,Taylorville,US,2021-05-27 20:14:00,39.5489,-89.2945,69.87,100,1,5.75
310,Honiara,SB,2021-05-27 20:14:00,-9.4333,159.95,76.37,87,100,3.47
311,Sorland,NO,2021-05-27 20:14:00,67.667,12.6934,42.87,77,100,11.81
312,Sars,RU,2021-05-27 20:14:01,56.5502,57.1366,44.92,80,2,3.27
313,Olafsvik,IS,2021-05-27 20:11:42,64.8945,-23.7142,46.42,80,0,3.83
314,Luwuk,ID,2021-05-27 20:14:01,-0.9516,122.7875,76.98,88,31,4.99
315,Cabadiangan,PH,2021-05-27 20:10:08,9.7531,122.4739,78.98,84,94,2.53
316,Siocon,PH,2021-05-27 20:14:02,7.7061,122.1353,78.75,86,100,2.19
317,Maragogi,BR,2021-05-27 20:14:02,-9.0122,-35.2225,77.77,76,64,9.57
318,Longyearbyen,SJ,2021-05-27 20:14:02,78.2186,15.6401,30.04,64,20,18.41
319,Jacareacanga,BR,2021-05-27 20:14:03,-6.2222,-57.7528,92.53,40,11,2.64
320,Marathon,US,2021-05-27 20:14:03,44.9,-89.7668,42.33,90,90,10.47
321,Teguise,ES,2021-05-27 20:14:03,29.0605,-13.564,66.42,64,75,14.9
322,Mago,RU,2021-05-27 20:14:04,53.2514,140.1822,42.17,79,19,2.62
323,Petrovskaya,RU,2021-05-27 20:14:04,45.4314,37.955,62.53,77,9,6.58
324,Udachnyy,RU,2021-05-27 20:14:04,66.4167,112.4,46.98,80,99,5.7
325,Necochea,AR,2021-05-27 20:14:04,-38.5473,-58.7368,69.04,51,100,18.16
326,Saint George,US,2021-05-27 20:14:05,37.1041,-113.5841,95.47,11,1,4.0
327,Nome,US,2021-05-27 20:09:06,64.5011,-165.4064,59.16,43,1,10.36
328,Goderich,CA,2021-05-27 20:11:08,43.7501,-81.7165,60.03,61,100,18.5
329,Lulea,SE,2021-05-27 20:14:05,65.5842,22.1547,44.67,61,0,10.36
330,Hobyo,SO,2021-05-27 20:14:06,5.3505,48.5268,78.98,81,21,17.85
331,Haines Junction,CA,2021-05-27 20:14:06,60.7522,-137.5108,50.34,60,100,6.33
332,Tianpeng,CN,2021-05-27 20:14:06,30.9866,103.9393,69.64,71,100,1.66
333,Shingu,JP,2021-05-27 20:14:06,33.7333,135.9833,61.92,86,100,4.16
334,Kristiinankaupunki,FI,2021-05-27 20:14:07,62.2743,21.376,44.62,92,13,8.23
335,Matagami,CA,2021-05-27 20:14:07,49.7502,-77.6328,33.91,75,90,11.97
336,Isla Vista,US,2021-05-27 20:14:07,34.4133,-119.861,84.07,68,75,10.36
337,Sandwick,GB,2021-05-27 20:14:08,60.0,-1.25,46.22,87,90,13.24
338,Aksu,CN,2021-05-27 20:14:08,41.1231,80.2644,74.14,15,35,2.39
339,Anadyr,RU,2021-05-27 20:14:08,64.75,177.4833,39.0,69,100,4.0
340,Raudeberg,NO,2021-05-27 20:14:09,61.9875,5.1352,59.67,83,4,19.8
341,Norrtalje,SE,2021-05-27 20:14:09,59.758,18.705,44.83,97,100,5.86
342,Sumbe,AO,2021-05-27 20:14:09,-11.2061,13.8437,76.3,81,1,7.76
343,Lodwar,KE,2021-05-27 20:14:09,3.1191,35.5973,86.88,38,55,17.43
344,Meulaboh,ID,2021-05-27 20:14:10,4.1363,96.1285,76.32,89,98,4.25
345,Arlit,NE,2021-05-27 20:14:10,18.7369,7.3853,93.69,7,95,10.83
346,Shubarkuduk,KZ,2021-05-27 20:14:10,49.1447,56.4872,73.4,39,93,17.29
347,Batagay-Alyta,RU,2021-05-27 20:14:11,67.8006,130.4114,50.31,54,95,3.2
348,Flin Flon,CA,2021-05-27 20:14:11,54.7682,-101.865,59.16,27,100,12.73
349,Fort Nelson,CA,2021-05-27 20:14:11,58.8053,-122.7002,63.79,25,35,3.58
350,Balkhash,KZ,2021-05-27 20:14:12,46.844,74.9804,73.27,49,36,24.32
351,Rorvik,NO,2021-05-27 20:14:12,64.8621,11.2373,49.98,81,40,11.5
352,Ambovombe,MG,2021-05-27 20:14:12,-25.1667,46.0833,66.79,86,3,5.17
353,Chara,RU,2021-05-27 20:14:13,56.9064,118.2631,40.08,81,94,2.17
354,Novoorsk,RU,2021-05-27 20:14:13,51.381,58.9813,59.65,46,0,10.49
355,Bograd,RU,2021-05-27 20:14:13,54.2344,90.8328,55.15,83,100,3.18
356,Ko Samui,TH,2021-05-27 20:13:10,9.5357,99.9357,82.81,77,100,17.6
357,Lunca Ilvei,RO,2021-05-27 20:14:14,47.3667,24.9833,54.88,82,98,0.94
358,Camana,PE,2021-05-27 20:14:14,-16.6228,-72.7111,67.62,83,58,5.32
359,Te Anau,NZ,2021-05-27 20:14:14,-45.4167,167.7167,39.4,97,100,2.59
360,Elliot,ZA,2021-05-27 20:14:14,-31.3333,27.85,56.53,38,44,9.44
361,Alamosa,US,2021-05-27 20:14:15,37.4695,-105.87,69.78,16,20,3.44
362,Porto Santo,PT,2021-05-27 20:14:15,33.072,-16.3415,68.31,68,40,13.8
363,Brae,GB,2021-05-27 20:14:15,60.3964,-1.353,46.31,84,38,11.65
364,Sistranda,NO,2021-05-27 20:14:16,63.7256,8.834,53.56,86,18,18.79
365,Sao Joao Da Barra,BR,2021-05-27 20:14:16,-21.6403,-41.0511,77.09,85,22,9.93
366,Baruun-Urt,MN,2021-05-27 20:14:16,46.6806,113.2792,42.3,55,4,7.72
367,Maniitsoq,GL,2021-05-27 20:14:17,65.4167,-52.9,35.29,90,48,5.35
368,Sohag,EG,2021-05-27 20:14:17,26.557,31.6948,89.51,13,0,9.8
369,Aitape,PG,2021-05-27 20:14:05,-3.1374,142.3475,77.31,90,100,4.36
370,San Lazaro,BZ,2021-05-27 20:14:17,18.0387,-88.6622,91.65,38,48,13.09
371,Velikiy Novgorod,RU,2021-05-27 20:14:18,58.5167,31.2833,53.2,99,100,5.88
372,Tura,IN,2021-05-27 20:14:18,25.5198,90.2201,73.62,91,100,3.67
373,Rondonopolis,BR,2021-05-27 20:14:18,-16.4708,-54.6356,95.31,28,52,4.54
374,Ulladulla,AU,2021-05-27 20:14:19,-35.35,150.4667,50.88,73,21,10.13
375,Atambua,ID,2021-05-27 20:14:19,-9.1061,124.8925,69.37,82,14,6.51
376,Matara,LK,2021-05-27 20:14:19,5.9485,80.5353,78.8,88,98,15.39
377,Zuwarah,LY,2021-05-27 20:14:20,32.9312,12.082,72.32,70,38,13.87
378,Kieta,PG,2021-05-27 20:14:20,-6.2167,155.6333,77.86,91,100,4.34
379,Port Hedland,AU,2021-05-27 20:14:20,-20.3167,118.5667,73.45,53,100,6.91
380,Athabasca,CA,2021-05-27 20:14:21,54.7169,-113.2854,67.03,53,95,13.78
381,Saint-Philippe,RE,2021-05-27 20:14:21,-21.3585,55.7679,71.22,78,52,6.87
382,Acajutla,SV,2021-05-27 20:14:21,13.5928,-89.8275,93.79,63,99,7.52
383,Karratha,AU,2021-05-27 20:14:21,-20.7377,116.8463,73.8,72,65,6.87
384,Soe,ID,2021-05-27 20:14:02,-9.8607,124.284,64.71,79,52,7.14
385,Tamluk,IN,2021-05-27 20:14:22,22.3,87.9167,82.38,79,95,14.25
386,Paamiut,GL,2021-05-27 20:14:22,61.994,-49.6678,37.47,86,5,8.55
387,Port Keats,AU,2021-05-27 20:14:22,-14.25,129.55,67.46,52,19,10.13
388,Imbituba,BR,2021-05-27 20:14:23,-28.24,-48.6703,67.89,62,0,2.57
389,Pandrup,DK,2021-05-27 20:14:23,57.2215,9.6757,49.95,66,40,9.64
390,Rio Verde De Mato Grosso,BR,2021-05-27 20:14:23,-18.9181,-54.8442,86.67,49,45,2.28
391,Hamilton,US,2021-05-27 20:11:47,39.1834,-84.5333,84.25,57,20,1.99
392,Victoria,HK,2021-05-27 20:10:48,22.2855,114.1577,86.32,85,99,4.0
393,Port Macquarie,AU,2021-05-27 20:14:24,-31.4333,152.9167,48.16,70,0,10.49
394,Warwick,US,2021-05-27 20:14:24,41.7001,-71.4162,84.15,37,20,9.22
395,Dunedin,NZ,2021-05-27 20:14:25,-45.8742,170.5036,48.79,72,100,10.0
396,San-Pedro,CI,2021-05-27 20:14:25,4.7485,-6.6363,79.16,85,26,6.78
397,Buala,SB,2021-05-27 20:14:25,-8.145,159.5921,75.78,95,100,4.5
398,Xuddur,SO,2021-05-27 20:14:26,4.1213,43.8894,72.64,78,76,11.63
399,Abidjan,CI,2021-05-27 20:12:38,5.3094,-4.0197,84.16,84,20,11.18
400,Masingbi,SL,2021-05-27 20:14:26,8.7833,-11.95,78.67,85,65,7.31
401,Chumikan,RU,2021-05-27 20:14:26,54.7183,135.315,31.14,87,71,1.34
402,Broken Hill,AU,2021-05-27 20:14:27,-31.95,141.4333,46.09,82,15,9.57
403,Atessa,IT,2021-05-27 20:14:27,42.0693,14.4511,59.81,85,0,5.01
404,Luanda,AO,2021-05-27 20:13:42,-8.8368,13.2343,75.45,90,72,11.86
405,Cervo,ES,2021-05-27 20:14:27,43.6702,-7.4101,65.19,88,100,7.96
406,Raha,IN,2021-05-27 20:14:28,26.2333,92.5167,76.48,91,100,3.33
407,Zhangzhou,CN,2021-05-27 20:13:13,24.5133,117.6556,82.33,82,100,2.01
408,Shenjiamen,CN,2021-05-27 20:14:28,29.9576,122.298,68.72,94,100,14.18
409,Virginia Beach,US,2021-05-27 20:13:28,36.8529,-75.978,89.04,53,20,12.66
410,Arica,CL,2021-05-27 20:14:28,-18.475,-70.3042,72.95,77,0,7.14
411,Sao Jose Da Coroa Grande,BR,2021-05-27 20:14:29,-8.8978,-35.1478,78.31,75,83,10.4
412,Amaru,RO,2021-05-27 20:14:29,44.9333,26.5833,68.18,80,15,4.65
413,Minab,IR,2021-05-27 20:14:29,27.1467,57.0801,85.5,57,0,1.21
414,Puerto Plata,DO,2021-05-27 20:13:08,19.7934,-70.6884,93.11,79,20,11.97
415,Syracuse,IT,2021-05-27 20:13:56,37.0881,15.2792,70.43,74,16,6.13
416,Lander,US,2021-05-27 20:10:43,42.833,-108.7307,69.12,32,1,0.0
417,Saa,CM,2021-05-27 20:14:30,4.3667,11.45,71.24,98,100,3.2
418,Erenhot,CN,2021-05-27 20:14:30,43.6475,111.9767,47.59,51,6,8.93
419,Cabedelo,BR,2021-05-27 20:14:31,-6.9811,-34.8339,75.87,82,25,14.07
420,Balugo,PH,2021-05-27 20:14:31,12.5792,121.4393,80.11,72,83,5.75
421,Oudtshoorn,ZA,2021-05-27 20:14:31,-33.5907,22.2014,54.91,74,27,0.65
422,Los Llanos De Aridane,ES,2021-05-27 20:13:29,28.6585,-17.9182,64.15,88,75,14.25
423,Lasa,IT,2021-05-27 20:14:32,46.6166,10.7002,54.34,89,36,7.56
424,Novobiryusinskiy,RU,2021-05-27 20:14:32,56.9578,97.7076,48.9,41,100,10.45
425,Aneho,TG,2021-05-27 20:14:32,6.2333,1.6,82.62,81,100,11.18
426,Genhe,CN,2021-05-27 20:14:33,50.7833,121.5167,37.26,98,68,2.37
427,Manhattan,US,2021-05-27 20:14:33,40.7834,-73.9662,85.12,35,20,12.66
428,Coihaique,CL,2021-05-27 20:14:33,-45.5752,-72.0662,45.21,87,75,5.75
429,Ukiah,US,2021-05-27 20:14:33,39.1502,-123.2078,87.03,37,1,12.66
430,Rawson,AR,2021-05-27 20:14:34,-43.3002,-65.1023,58.95,36,75,26.78
431,Anahuac,MX,2021-05-27 20:14:34,27.2333,-100.15,96.3,33,0,19.95
432,Taltal,CL,2021-05-27 20:14:34,-25.4,-70.4833,66.4,73,81,4.5
433,Maceio,BR,2021-05-27 20:10:06,-9.6658,-35.7353,80.04,78,40,9.24
434,Tshikapa,CD,2021-05-27 20:14:35,-6.4167,20.8,74.39,41,100,2.84
435,Veraval,IN,2021-05-27 20:14:35,20.9,70.3667,84.61,76,99,12.35
436,Dingle,PH,2021-05-27 20:14:35,10.9995,122.6711,78.75,85,100,2.98
437,Krasnoselkup,RU,2021-05-27 20:14:36,65.7,82.4667,28.44,76,100,18.52
438,San Pedro,PH,2021-05-27 20:14:36,14.35,121.0167,84.34,77,20,5.26
439,Cache Creek,CA,2021-05-27 20:14:36,50.8101,-121.3246,62.17,47,20,15.55
440,Koszalin,PL,2021-05-27 20:14:37,54.1944,16.1722,54.68,90,9,2.55
441,Mandawar,IN,2021-05-27 20:14:37,29.5,78.1333,84.07,42,2,6.69
442,Sauda,NO,2021-05-27 20:14:37,59.6506,6.3542,54.3,74,20,1.66
443,La Ronge,CA,2021-05-27 20:14:38,55.1001,-105.2842,58.73,33,90,15.55
444,Saint-Augustin,CA,2021-05-27 20:14:38,51.226,-58.6502,47.91,84,100,14.32
445,Christchurch,NZ,2021-05-27 20:14:38,-43.5333,172.6333,44.82,94,90,1.14
446,Bridlington,GB,2021-05-27 20:14:38,54.0831,-0.1919,55.29,88,41,8.93
447,Havre-Saint-Pierre,CA,2021-05-27 20:14:33,50.2334,-63.5986,46.72,56,10,31.03
448,Port Lincoln,AU,2021-05-27 20:14:39,-34.7333,135.8667,58.89,68,100,6.17
449,Corner Brook,CA,2021-05-27 20:14:39,48.9667,-57.9484,48.22,96,100,5.23
450,Semenivka,UA,2021-05-27 20:14:39,52.1783,32.5818,59.02,95,100,3.36
451,Kupang,ID,2021-05-27 20:14:40,-10.1667,123.5833,77.97,69,94,15.01
452,Pachino,IT,2021-05-27 20:14:40,36.7186,15.0907,69.6,65,5,8.81
453,Miles City,US,2021-05-27 20:13:09,46.4083,-105.8406,50.97,62,90,8.05
454,Selma,US,2021-05-27 20:14:40,36.5708,-119.6121,89.02,26,6,10.47
455,Berlevag,NO,2021-05-27 20:14:41,70.8578,29.0864,39.2,70,75,26.46
456,Port Augusta,AU,2021-05-27 20:14:41,-32.5,137.7667,42.94,83,92,3.62
457,Teyateyaneng,LS,2021-05-27 20:14:42,-29.1472,27.7489,47.95,46,26,2.95
458,Mao,ES,2021-05-27 20:14:02,39.8885,4.2658,64.96,72,0,6.91
459,Mikkeli,FI,2021-05-27 20:14:42,61.6886,27.2723,50.14,87,90,5.75
460,Qandala,SO,2021-05-27 20:14:42,11.472,49.8728,87.33,62,86,2.77
461,Ibia,BR,2021-05-27 20:12:02,-19.4783,-46.5389,81.91,45,100,2.82
462,Aykhal,RU,2021-05-27 20:14:43,66.0,111.5,44.08,86,100,8.66
463,Itarema,BR,2021-05-27 20:14:43,-2.9248,-39.9167,80.76,77,13,13.8
464,Sambava,MG,2021-05-27 20:14:43,-14.2667,50.1667,72.07,85,0,9.26
465,Torbay,CA,2021-05-27 20:14:44,47.6666,-52.7314,56.75,93,92,21.9
466,Zalantun,CN,2021-05-27 20:14:44,48.0,122.7167,45.46,87,99,5.46
467,Irpa Irpa,BO,2021-05-27 20:14:44,-17.7167,-66.2667,77.05,20,72,8.68
468,Farkhor,TJ,2021-05-27 20:14:45,37.4922,69.4036,76.08,32,11,6.04
469,Cape Canaveral,US,2021-05-27 20:14:45,28.4058,-80.6048,94.24,57,1,10.36
470,Mount Isa,AU,2021-05-27 20:14:45,-20.7333,139.5,56.97,35,0,9.22
471,Pinega,RU,2021-05-27 20:14:46,64.7001,43.3936,37.94,97,100,3.94
472,Geraldton,AU,2021-05-27 20:14:46,-28.7667,114.6,66.61,48,75,7.31
473,Vanavara,RU,2021-05-27 20:14:46,60.34,102.2797,37.2,72,18,3.36
474,Banda Aceh,ID,2021-05-27 20:14:46,5.5577,95.3222,81.97,71,100,10.96
475,Fairbanks,US,2021-05-27 20:10:03,64.8378,-147.7164,57.54,47,75,9.22
476,Alekseyevsk,RU,2021-05-27 20:14:47,57.8406,108.3492,35.1,64,9,1.07
477,Northam,GB,2021-05-27 20:14:47,51.0333,-4.2167,56.01,78,100,2.48
478,Phetchabun,TH,2021-05-27 20:14:48,16.25,101.0833,77.18,95,100,1.92
479,Turayf,SA,2021-05-27 20:14:48,31.6725,38.6637,79.99,17,0,10.6
480,Iralaya,HN,2021-05-27 20:14:48,15.0,-83.2333,84.34,69,25,13.06
481,Tenenkou,ML,2021-05-27 20:14:49,14.4572,-4.9169,101.14,18,98,1.25
482,Leningradskiy,RU,2021-05-27 20:14:49,69.3833,178.4167,31.15,95,62,11.72
483,Gat,IL,2021-05-27 20:14:01,31.61,34.7642,76.41,72,0,3.24
484,Isangel,VU,2021-05-27 20:14:49,-19.55,169.2667,69.85,60,71,4.36
485,Puntarenas,CR,2021-05-27 20:14:50,9.9763,-84.8384,87.73,65,99,6.29
486,Verkhoyansk,RU,2021-05-27 20:14:50,67.5447,133.385,55.72,48,68,3.49
487,Rincon,US,2021-05-27 20:14:50,32.296,-81.2354,93.9,41,75,1.01
488,Zhongshu,CN,2021-05-27 20:14:51,24.5167,103.7667,62.58,98,53,2.15
489,Ovalle,CL,2021-05-27 20:14:51,-30.5983,-71.2003,79.68,19,100,4.92
490,Lazaro Cardenas,MX,2021-05-27 20:14:51,17.9583,-102.2,88.34,47,100,10.02
491,Sangmelima,CM,2021-05-27 20:14:51,2.9333,11.9833,69.24,98,100,1.43
492,Progreso,MX,2021-05-27 20:14:52,21.2833,-89.6667,97.11,66,18,15.57
493,Kargasok,RU,2021-05-27 20:14:52,59.0556,80.8572,36.75,78,100,22.06
494,Tessalit,ML,2021-05-27 20:14:52,20.1986,1.0114,97.68,4,100,10.49
495,Puksoozero,RU,2021-05-27 20:14:53,62.5903,40.6066,36.91,96,5,2.91
496,Kendari,ID,2021-05-27 20:14:53,-3.945,122.4989,74.91,93,25,2.01
497,Caravelas,BR,2021-05-27 20:14:53,-17.7125,-39.2481,75.9,78,54,7.56
498,Sfantu Gheorghe,RO,2021-05-27 20:14:54,45.8667,25.7833,59.94,85,48,3.09
499,Hlinsko,CZ,2021-05-27 20:14:54,49.7621,15.9076,50.79,100,100,4.52
500,Anicuns,BR,2021-05-27 20:14:54,-16.4611,-49.9617,83.14,43,72,3.65
501,Bouca,CF,2021-05-27 20:14:55,6.5105,18.2733,71.33,96,95,3.47
502,Stornoway,GB,2021-05-27 20:14:55,58.2093,-6.3865,52.93,82,100,5.75
503,Makakilo City,US,2021-05-27 20:14:55,21.3469,-158.0858,81.61,61,20,12.66
504,Hatillo,PR,2021-05-27 20:14:56,18.4863,-66.8254,86.11,71,47,14.23
505,Viareggio,IT,2021-05-27 20:14:56,43.8735,10.2558,61.03,86,15,0.89
506,Hadejia,NG,2021-05-27 20:14:56,12.4498,10.0444,91.49,8,5,9.37
507,Solnechnyy,RU,2021-05-27 20:14:56,50.7214,136.6319,41.4,88,59,2.82
508,Kuusankoski,FI,2021-05-27 20:14:57,60.907,26.6244,48.72,99,90,3.76
509,Lethem,GY,2021-05-27 20:14:57,3.3803,-59.7968,81.77,79,97,7.74
510,Turkistan,KZ,2021-05-27 20:14:57,43.0,68.0,72.95,51,17,8.86
511,Atami,JP,2021-05-27 20:14:58,35.0894,139.0686,65.23,85,100,3.15
512,Russell,US,2021-05-27 20:14:58,32.3502,-85.1999,85.71,54,90,8.34
513,Santa Comba,ES,2021-05-27 20:14:58,43.0331,-8.8093,59.09,78,100,2.51
514,Vardo,NO,2021-05-27 20:12:55,70.3705,31.1107,39.4,75,75,18.41
515,San Quintin,MX,2021-05-27 20:14:59,30.4833,-115.95,64.99,63,0,18.25
516,Puerto Madryn,AR,2021-05-27 20:10:51,-42.7692,-65.0385,60.22,35,8,24.29
517,Lata,PT,2021-05-27 20:14:59,40.1629,-8.3327,70.72,75,100,3.22
518,Wattegama,LK,2021-05-27 20:14:59,6.7989,81.4808,77.68,74,60,5.5
519,Anchorage,US,2021-05-27 20:11:10,61.2181,-149.9003,58.21,61,75,1.01
520,Jhalrapatan,IN,2021-05-27 20:15:00,24.55,76.1667,92.64,36,81,20.0
521,Tubuala,PA,2021-05-27 20:15:00,9.5167,-79.0333,85.33,82,100,6.85
522,Lensk,RU,2021-05-27 20:15:01,60.7253,114.9278,46.6,96,41,4.18
523,El Paso,US,2021-05-27 20:10:33,31.8001,-106.2005,90.55,8,75,12.66
524,Bafang,CM,2021-05-27 20:15:01,5.1563,10.1788,64.2,97,69,1.72
525,Lewiston,US,2021-05-27 20:15:01,44.1003,-70.2148,74.71,43,1,23.02
526,Mahibadhoo,MV,2021-05-27 20:15:02,3.7833,72.9667,82.87,76,71,21.68
527,Grindavik,IS,2021-05-27 20:15:02,63.8424,-22.4338,49.95,61,20,28.74
528,Roald,NO,2021-05-27 20:15:04,62.5833,6.1333,56.16,81,40,14.97
529,Pacifica,US,2021-05-27 20:14:26,37.6138,-122.4869,80.06,71,20,1.99
530,Bathsheba,BB,2021-05-27 20:15:05,13.2167,-59.5167,84.81,58,40,18.14
531,Saint Anthony,US,2021-05-27 20:15:05,45.0205,-93.218,46.72,91,90,4.0
532,Kutum,SD,2021-05-27 20:15:05,14.2,24.6667,85.28,17,85,9.33
533,Mackay,AU,2021-05-27 20:14:05,-21.15,149.2,57.04,57,0,12.06
534,Winnemucca,US,2021-05-27 20:15:06,40.973,-117.7357,80.65,11,1,10.22
535,Komsomolskiy,UZ,2021-05-27 20:15:06,40.4272,71.7189,72.82,42,14,2.01
536,Homer,US,2021-05-27 20:15:06,59.6425,-151.5483,63.09,63,1,8.05
537,Cap Malheureux,MU,2021-05-27 20:15:07,-19.9842,57.6142,72.46,79,5,5.01
538,Krasnyy Oktyabr,RU,2021-05-27 20:15:07,56.1167,38.8833,56.79,97,65,1.34
539,Sioux Lookout,CA,2021-05-27 20:13:07,50.1001,-91.917,54.93,16,21,5.37
540,Tarko-Sale,RU,2021-05-27 20:15:07,64.9225,77.785,35.01,64,76,14.34
541,Bougouni,ML,2021-05-27 20:15:08,11.417,-7.479,92.5,30,59,8.01
542,Port Lavaca,US,2021-05-27 20:14:03,28.615,-96.6261,90.28,76,90,16.11
543,Viransehir,TR,2021-05-27 20:15:08,37.2353,39.7631,76.39,30,0,8.81
544,Tumpat,MY,2021-05-27 20:15:09,6.1978,102.171,76.44,90,100,5.97
545,Kharp,RU,2021-05-27 20:15:09,66.8014,65.8081,32.27,68,14,4.16
546,West Wendover,US,2021-05-27 20:15:09,40.7391,-114.0733,74.41,17,1,8.05
547,San Miguelito,PA,2021-05-27 20:15:10,9.0333,-79.5,84.67,79,40,7.0
548,Quatre Cocos,MU,2021-05-27 20:15:10,-20.2078,57.7625,72.09,88,35,9.17
549,Santa Ines,BR,2021-05-27 20:15:10,-3.6667,-45.38,82.63,72,51,3.38
550,Buraydah,SA,2021-05-27 20:15:11,26.326,43.975,89.74,15,77,5.28
551,Guiglo,CI,2021-05-27 20:15:11,6.5456,-7.4966,77.38,83,100,3.22
552,Cattolica,IT,2021-05-27 20:15:11,43.9575,12.7376,67.87,70,2,4.0
